{
  "parent": "item/generated",
  "textures": {
    "layer0": "item/paper"
  },
  "overrides": [
    {
      "predicate": {
        "custom_model_data": 11001
      },
      "model": "minecraft:item/ui/shop_1"
    },
    {
      "predicate": {
        "custom_model_data": 11002
      },
      "model": "minecraft:item/ui/shop_2"
    },
    {
      "predicate": {
        "custom_model_data": 11003
      },
      "model": "minecraft:item/ui/shop_3"
    },
    {
      "predicate": {
        "custom_model_data": 11004
      },
      "model": "minecraft:item/ui/shop_4"
    },
    {
      "predicate": {
        "custom_model_data": 11005
      },
      "model": "minecraft:item/ui/shop_5"
    },
    {
      "predicate": {
        "custom_model_data": 11006
      },
      "model": "minecraft:item/ui/shop_6"
    },
    {
      "predicate": {
        "custom_model_data": 11007
      },
      "model": "minecraft:item/ui/shop_7"
    },
    {
      "predicate": {
        "custom_model_data": 11008
      },
      "model": "minecraft:item/ui/shop_8"
    },
    {
      "predicate": {
        "custom_model_data": 11009
      },
      "model": "minecraft:item/ui/shop_9"
    },
    {
      "predicate": {
        "custom_model_data": 12001
      },
      "model": "minecraft:item/ui/auction_1"
    },
    {
      "predicate": {
        "custom_model_data": 12002
      },
      "model": "minecraft:item/ui/auction_2"
    },
    {
      "predicate": {
        "custom_model_data": 12003
      },
      "model": "minecraft:item/ui/auction_3"
    },
    {
      "predicate": {
        "custom_model_data": 12004
      },
      "model": "minecraft:item/ui/auction_4"
    },
    {
      "predicate": {
        "custom_model_data": 12005
      },
      "model": "minecraft:item/ui/auction_5"
    },
    {
      "predicate": {
        "custom_model_data": 12006
      },
      "model": "minecraft:item/ui/auction_6"
    },
    {
      "predicate": {
        "custom_model_data": 12007
      },
      "model": "minecraft:item/ui/auction_7"
    },
    {
      "predicate": {
        "custom_model_data": 12008
      },
      "model": "minecraft:item/ui/auction_8"
    },
    {
      "predicate": {
        "custom_model_data": 12009
      },
      "model": "minecraft:item/ui/auction_9"
    },
    {
      "predicate": {
        "custom_model_data": 13001
      },
      "model": "minecraft:item/ui/slot_1"
    },
    {
      "predicate": {
        "custom_model_data": 13002
      },
      "model": "minecraft:item/ui/slot_2"
    },
    {
      "predicate": {
        "custom_model_data": 13003
      },
      "model": "minecraft:item/ui/slot_3"
    },
    {
      "predicate": {
        "custom_model_data": 13004
      },
      "model": "minecraft:item/ui/slot_4"
    },
    {
      "predicate": {
        "custom_model_data": 13005
      },
      "model": "minecraft:item/ui/slot_5"
    },
    {
      "predicate": {
        "custom_model_data": 13006
      },
      "model": "minecraft:item/ui/slot_6"
    },
    {
      "predicate": {
        "custom_model_data": 13007
      },
      "model": "minecraft:item/ui/slot_7"
    },
    {
      "predicate": {
        "custom_model_data": 13008
      },
      "model": "minecraft:item/ui/slot_8"
    },
    {
      "predicate": {
        "custom_model_data": 13009
      },
      "model": "minecraft:item/ui/slot_9"
    },
    {
      "predicate": {
        "custom_model_data": 14001
      },
      "model": "minecraft:item/ui/updown_1"
    },
    {
      "predicate": {
        "custom_model_data": 14002
      },
      "model": "minecraft:item/ui/updown_2"
    },
    {
      "predicate": {
        "custom_model_data": 14003
      },
      "model": "minecraft:item/ui/updown_3"
    },
    {
      "predicate": {
        "custom_model_data": 14004
      },
      "model": "minecraft:item/ui/updown_4"
    },
    {
      "predicate": {
        "custom_model_data": 14005
      },
      "model": "minecraft:item/ui/updown_5"
    },
    {
      "predicate": {
        "custom_model_data": 14006
      },
      "model": "minecraft:item/ui/updown_6"
    },
    {
      "predicate": {
        "custom_model_data": 14007
      },
      "model": "minecraft:item/ui/updown_7"
    },
    {
      "predicate": {
        "custom_model_data": 14008
      },
      "model": "minecraft:item/ui/updown_8"
    },
    {
      "predicate": {
        "custom_model_data": 14009
      },
      "model": "minecraft:item/ui/updown_9"
    },
    {
      "predicate": {
        "custom_model_data": 13101
      },
      "model": "minecraft:item/ui/symbol_pokeball"
    },
    {
      "predicate": {
        "custom_model_data": 13102
      },
      "model": "minecraft:item/ui/symbol_emerald"
    },
    {
      "predicate": {
        "custom_model_data": 13103
      },
      "model": "minecraft:item/ui/symbol_sapphire"
    },
    {
      "predicate": {
        "custom_model_data": 13104
      },
      "model": "minecraft:item/ui/symbol_ruby"
    },
    {
      "predicate": {
        "custom_model_data": 13105
      },
      "model": "minecraft:item/ui/symbol_diamond"
    },
    {
      "predicate": {
        "custom_model_data": 13106
      },
      "model": "minecraft:item/ui/symbol_seven"
    }
  ]
}