{
  "parent": "item/generated",
  "textures": {
    "layer0": "item/paper"
  },
  "overrides": [
    {
      "predicate": {
        "custom_model_data": 6201
      },
      "model": "item/ui/btn_up"
    },
    {
      "predicate": {
        "custom_model_data": 6202
      },
      "model": "item/ui/btn_down"
    },
    {
      "predicate": {
        "custom_model_data": 6210
      },
      "model": "item/ui/btn_minus"
    },
    {
      "predicate": {
        "custom_model_data": 6211
      },
      "model": "item/ui/btn_plus"
    },
    {
      "predicate": {
        "custom_model_data": 6212
      },
      "model": "item/ui/btn_plus10"
    }
  ]
}