{
  "slot.bgm": {
    "category": "music",
    "sounds": [
      {
        "name": "slot/bgm",
        "stream": true
      }
    ]
  },
  "updown.bgm": {
    "category": "music",
    "sounds": [
      {
        "name": "updown/bgm",
        "stream": true
      }
    ]
  },
  "slot.spin": {
    "category": "master",
    "sounds": [
      {
        "name": "slot/spin"
      }
    ]
  },
  "updown.click": {
    "category": "master",
    "sounds": [
      {
        "name": "updown/click"
      }
    ]
  }
}