{
  "parent": "item/generated",
  "textures": {
    "layer0": "item/paper"
  },
  "overrides": [
    {
      "predicate": {
        "custom_model_data": 11001
      },
      "model": "item/ui/shop/tl"
    },
    {
      "predicate": {
        "custom_model_data": 11002
      },
      "model": "item/ui/shop/t"
    },
    {
      "predicate": {
        "custom_model_data": 11003
      },
      "model": "item/ui/shop/tr"
    },
    {
      "predicate": {
        "custom_model_data": 11004
      },
      "model": "item/ui/shop/l"
    },
    {
      "predicate": {
        "custom_model_data": 11005
      },
      "model": "item/ui/shop/c"
    },
    {
      "predicate": {
        "custom_model_data": 11006
      },
      "model": "item/ui/shop/r"
    },
    {
      "predicate": {
        "custom_model_data": 11007
      },
      "model": "item/ui/shop/bl"
    },
    {
      "predicate": {
        "custom_model_data": 11008
      },
      "model": "item/ui/shop/b"
    },
    {
      "predicate": {
        "custom_model_data": 11009
      },
      "model": "item/ui/shop/br"
    },
    {
      "predicate": {
        "custom_model_data": 12001
      },
      "model": "item/ui/auction/tl"
    },
    {
      "predicate": {
        "custom_model_data": 12002
      },
      "model": "item/ui/auction/t"
    },
    {
      "predicate": {
        "custom_model_data": 12003
      },
      "model": "item/ui/auction/tr"
    },
    {
      "predicate": {
        "custom_model_data": 12004
      },
      "model": "item/ui/auction/l"
    },
    {
      "predicate": {
        "custom_model_data": 12005
      },
      "model": "item/ui/auction/c"
    },
    {
      "predicate": {
        "custom_model_data": 12006
      },
      "model": "item/ui/auction/r"
    },
    {
      "predicate": {
        "custom_model_data": 12007
      },
      "model": "item/ui/auction/bl"
    },
    {
      "predicate": {
        "custom_model_data": 12008
      },
      "model": "item/ui/auction/b"
    },
    {
      "predicate": {
        "custom_model_data": 12009
      },
      "model": "item/ui/auction/br"
    },
    {
      "predicate": {
        "custom_model_data": 13001
      },
      "model": "item/ui/slot/tl"
    },
    {
      "predicate": {
        "custom_model_data": 13002
      },
      "model": "item/ui/slot/t"
    },
    {
      "predicate": {
        "custom_model_data": 13003
      },
      "model": "item/ui/slot/tr"
    },
    {
      "predicate": {
        "custom_model_data": 13004
      },
      "model": "item/ui/slot/l"
    },
    {
      "predicate": {
        "custom_model_data": 13005
      },
      "model": "item/ui/slot/c"
    },
    {
      "predicate": {
        "custom_model_data": 13006
      },
      "model": "item/ui/slot/r"
    },
    {
      "predicate": {
        "custom_model_data": 13007
      },
      "model": "item/ui/slot/bl"
    },
    {
      "predicate": {
        "custom_model_data": 13008
      },
      "model": "item/ui/slot/b"
    },
    {
      "predicate": {
        "custom_model_data": 13009
      },
      "model": "item/ui/slot/br"
    },
    {
      "predicate": {
        "custom_model_data": 14001
      },
      "model": "item/ui/updown/tl"
    },
    {
      "predicate": {
        "custom_model_data": 14002
      },
      "model": "item/ui/updown/t"
    },
    {
      "predicate": {
        "custom_model_data": 14003
      },
      "model": "item/ui/updown/tr"
    },
    {
      "predicate": {
        "custom_model_data": 14004
      },
      "model": "item/ui/updown/l"
    },
    {
      "predicate": {
        "custom_model_data": 14005
      },
      "model": "item/ui/updown/c"
    },
    {
      "predicate": {
        "custom_model_data": 14006
      },
      "model": "item/ui/updown/r"
    },
    {
      "predicate": {
        "custom_model_data": 14007
      },
      "model": "item/ui/updown/bl"
    },
    {
      "predicate": {
        "custom_model_data": 14008
      },
      "model": "item/ui/updown/b"
    },
    {
      "predicate": {
        "custom_model_data": 14009
      },
      "model": "item/ui/updown/br"
    },
    {
      "predicate": {
        "custom_model_data": 13101
      },
      "model": "item/ui/slot_symbols/pokeball"
    },
    {
      "predicate": {
        "custom_model_data": 13102
      },
      "model": "item/ui/slot_symbols/emerald"
    },
    {
      "predicate": {
        "custom_model_data": 13103
      },
      "model": "item/ui/slot_symbols/sapphire"
    },
    {
      "predicate": {
        "custom_model_data": 13104
      },
      "model": "item/ui/slot_symbols/ruby"
    },
    {
      "predicate": {
        "custom_model_data": 13105
      },
      "model": "item/ui/slot_symbols/diamond"
    },
    {
      "predicate": {
        "custom_model_data": 13106
      },
      "model": "item/ui/slot_symbols/seven"
    }
  ]
}