{
  "parent": "item/generated",
  "textures": {
    "layer0": "item/paper"
  },
  "overrides": [
    {
      "predicate": {
        "custom_model_data": 7001
      },
      "model": "item/slot/pokeball"
    },
    {
      "predicate": {
        "custom_model_data": 7002
      },
      "model": "item/slot/emerald"
    },
    {
      "predicate": {
        "custom_model_data": 7003
      },
      "model": "item/slot/sapphire"
    },
    {
      "predicate": {
        "custom_model_data": 7004
      },
      "model": "item/slot/ruby"
    },
    {
      "predicate": {
        "custom_model_data": 7005
      },
      "model": "item/slot/diamond"
    },
    {
      "predicate": {
        "custom_model_data": 7006
      },
      "model": "item/slot/seven"
    },
    {
      "predicate": {
        "custom_model_data": 7201
      },
      "model": "item/slot/arrow_up"
    },
    {
      "predicate": {
        "custom_model_data": 7202
      },
      "model": "item/slot/arrow_down"
    },
    {
      "predicate": {
        "custom_model_data": 7300
      },
      "model": "item/slot/digit_0"
    },
    {
      "predicate": {
        "custom_model_data": 7301
      },
      "model": "item/slot/digit_1"
    },
    {
      "predicate": {
        "custom_model_data": 7302
      },
      "model": "item/slot/digit_2"
    },
    {
      "predicate": {
        "custom_model_data": 7303
      },
      "model": "item/slot/digit_3"
    },
    {
      "predicate": {
        "custom_model_data": 7304
      },
      "model": "item/slot/digit_4"
    },
    {
      "predicate": {
        "custom_model_data": 7305
      },
      "model": "item/slot/digit_5"
    },
    {
      "predicate": {
        "custom_model_data": 7306
      },
      "model": "item/slot/digit_6"
    },
    {
      "predicate": {
        "custom_model_data": 7307
      },
      "model": "item/slot/digit_7"
    },
    {
      "predicate": {
        "custom_model_data": 7308
      },
      "model": "item/slot/digit_8"
    },
    {
      "predicate": {
        "custom_model_data": 7309
      },
      "model": "item/slot/digit_9"
    }
  ]
}