{
  "parent": "item/generated",
  "textures": {
    "layer0": "item/paper"
  },
  "overrides": [
    {
      "predicate": {
        "custom_model_data": 1011
      },
      "model": "pixelmon/item/ui_slot_pokeball"
    },
    {
      "predicate": {
        "custom_model_data": 1012
      },
      "model": "pixelmon/item/ui_slot_emerald"
    },
    {
      "predicate": {
        "custom_model_data": 1013
      },
      "model": "pixelmon/item/ui_slot_sapphire"
    },
    {
      "predicate": {
        "custom_model_data": 1014
      },
      "model": "pixelmon/item/ui_slot_ruby"
    },
    {
      "predicate": {
        "custom_model_data": 1015
      },
      "model": "pixelmon/item/ui_slot_diamond"
    },
    {
      "predicate": {
        "custom_model_data": 1016
      },
      "model": "pixelmon/item/ui_slot_seven"
    }
  ]
}