{
  "parent": "item/generated",
  "textures": {
    "layer0": "item/black_stained_glass_pane"
  },
  "overrides": [
    {
      "predicate": {
        "custom_model_data": 9310
      },
      "model": "item/ui/felt_tile"
    },
    {
      "predicate": {
        "custom_model_data": 9311
      },
      "model": "item/ui/felt_dark"
    },
    {
      "predicate": {
        "custom_model_data": 9500
      },
      "model": "item/ui/border_top"
    },
    {
      "predicate": {
        "custom_model_data": 9501
      },
      "model": "item/ui/border_bottom"
    },
    {
      "predicate": {
        "custom_model_data": 9502
      },
      "model": "item/ui/border_left"
    },
    {
      "predicate": {
        "custom_model_data": 9503
      },
      "model": "item/ui/border_right"
    },
    {
      "predicate": {
        "custom_model_data": 9504
      },
      "model": "item/ui/divider_h"
    },
    {
      "predicate": {
        "custom_model_data": 9505
      },
      "model": "item/ui/divider_v"
    }
  ]
}