{
  "parent": "item/generated",
  "textures": {
    "layer0": "item/paper"
  },
  "overrides": [
    {
      "predicate": {
        "custom_model_data": 51099
      },
      "model": "pixelmon:item/spacer"
    },
    {
      "predicate": {
        "custom_model_data": 51001
      },
      "model": "pixelmon:item/border_updown"
    },
    {
      "predicate": {
        "custom_model_data": 52001
      },
      "model": "pixelmon:item/border_auction"
    },
    {
      "predicate": {
        "custom_model_data": 52002
      },
      "model": "pixelmon:item/border_shop"
    },
    {
      "predicate": {
        "custom_model_data": 52003
      },
      "model": "pixelmon:item/border_casino"
    },
    {
      "predicate": {
        "custom_model_data": 52004
      },
      "model": "pixelmon:item/border_stock"
    },
    {
      "predicate": {
        "custom_model_data": 51010
      },
      "model": "pixelmon:item/btn_up"
    },
    {
      "predicate": {
        "custom_model_data": 51011
      },
      "model": "pixelmon:item/btn_down"
    },
    {
      "predicate": {
        "custom_model_data": 51012
      },
      "model": "pixelmon:item/btn_start"
    },
    {
      "predicate": {
        "custom_model_data": 51013
      },
      "model": "pixelmon:item/btn_settle"
    },
    {
      "predicate": {
        "custom_model_data": 51100
      },
      "model": "pixelmon:item/digit_0"
    },
    {
      "predicate": {
        "custom_model_data": 51101
      },
      "model": "pixelmon:item/digit_1"
    },
    {
      "predicate": {
        "custom_model_data": 51102
      },
      "model": "pixelmon:item/digit_2"
    },
    {
      "predicate": {
        "custom_model_data": 51103
      },
      "model": "pixelmon:item/digit_3"
    },
    {
      "predicate": {
        "custom_model_data": 51104
      },
      "model": "pixelmon:item/digit_4"
    },
    {
      "predicate": {
        "custom_model_data": 51105
      },
      "model": "pixelmon:item/digit_5"
    },
    {
      "predicate": {
        "custom_model_data": 51106
      },
      "model": "pixelmon:item/digit_6"
    },
    {
      "predicate": {
        "custom_model_data": 51107
      },
      "model": "pixelmon:item/digit_7"
    },
    {
      "predicate": {
        "custom_model_data": 51108
      },
      "model": "pixelmon:item/digit_8"
    },
    {
      "predicate": {
        "custom_model_data": 51109
      },
      "model": "pixelmon:item/digit_9"
    },
    {
      "predicate": {
        "custom_model_data": 53010
      },
      "model": "pixelmon:item/pokeball"
    },
    {
      "predicate": {
        "custom_model_data": 53011
      },
      "model": "pixelmon:item/emerald"
    },
    {
      "predicate": {
        "custom_model_data": 53012
      },
      "model": "pixelmon:item/sapphire"
    },
    {
      "predicate": {
        "custom_model_data": 53013
      },
      "model": "pixelmon:item/ruby"
    },
    {
      "predicate": {
        "custom_model_data": 53014
      },
      "model": "pixelmon:item/diamond"
    },
    {
      "predicate": {
        "custom_model_data": 53015
      },
      "model": "pixelmon:item/seven"
    }
  ]
}