{
  "parent": "item/generated",
  "textures": {
    "layer0": "item/paper"
  },
  "overrides": [
    {
      "predicate": {
        "custom_model_data": 11011
      },
      "model": "pixelui:item/slot_pokeball"
    },
    {
      "predicate": {
        "custom_model_data": 11012
      },
      "model": "pixelui:item/slot_emerald"
    },
    {
      "predicate": {
        "custom_model_data": 11013
      },
      "model": "pixelui:item/slot_sapphire"
    },
    {
      "predicate": {
        "custom_model_data": 11014
      },
      "model": "pixelui:item/slot_ruby"
    },
    {
      "predicate": {
        "custom_model_data": 11015
      },
      "model": "pixelui:item/slot_diamond"
    },
    {
      "predicate": {
        "custom_model_data": 11016
      },
      "model": "pixelui:item/slot_seven"
    },
    {
      "predicate": {
        "custom_model_data": 13001
      },
      "model": "pixelui:item/num_1"
    },
    {
      "predicate": {
        "custom_model_data": 13002
      },
      "model": "pixelui:item/num_2"
    },
    {
      "predicate": {
        "custom_model_data": 13003
      },
      "model": "pixelui:item/num_3"
    },
    {
      "predicate": {
        "custom_model_data": 13004
      },
      "model": "pixelui:item/num_4"
    },
    {
      "predicate": {
        "custom_model_data": 13005
      },
      "model": "pixelui:item/num_5"
    },
    {
      "predicate": {
        "custom_model_data": 13006
      },
      "model": "pixelui:item/num_6"
    },
    {
      "predicate": {
        "custom_model_data": 13007
      },
      "model": "pixelui:item/num_7"
    },
    {
      "predicate": {
        "custom_model_data": 13008
      },
      "model": "pixelui:item/num_8"
    },
    {
      "predicate": {
        "custom_model_data": 13009
      },
      "model": "pixelui:item/num_9"
    },
    {
      "predicate": {
        "custom_model_data": 14000
      },
      "model": "pixelui:item/blank"
    },
    {
      "predicate": {
        "custom_model_data": 14001
      },
      "model": "pixelui:item/border_shop"
    },
    {
      "predicate": {
        "custom_model_data": 14002
      },
      "model": "pixelui:item/border_casino"
    },
    {
      "predicate": {
        "custom_model_data": 14003
      },
      "model": "pixelui:item/border_stock"
    },
    {
      "predicate": {
        "custom_model_data": 14004
      },
      "model": "pixelui:item/border_auction"
    },
    {
      "predicate": {
        "custom_model_data": 15001
      },
      "model": "pixelui:item/btn_up"
    },
    {
      "predicate": {
        "custom_model_data": 15002
      },
      "model": "pixelui:item/btn_down"
    },
    {
      "predicate": {
        "custom_model_data": 15003
      },
      "model": "pixelui:item/btn_start"
    },
    {
      "predicate": {
        "custom_model_data": 15004
      },
      "model": "pixelui:item/btn_settle"
    },
    {
      "predicate": {
        "custom_model_data": 15011
      },
      "model": "pixelui:item/btn_buy"
    },
    {
      "predicate": {
        "custom_model_data": 15012
      },
      "model": "pixelui:item/btn_sell"
    },
    {
      "predicate": {
        "custom_model_data": 15013
      },
      "model": "pixelui:item/btn_up"
    },
    {
      "predicate": {
        "custom_model_data": 15014
      },
      "model": "pixelui:item/btn_down"
    },
    {
      "predicate": {
        "custom_model_data": 16011
      },
      "model": "pixelui:item/stock_magikarp"
    },
    {
      "predicate": {
        "custom_model_data": 16012
      },
      "model": "pixelui:item/stock_chikorita"
    },
    {
      "predicate": {
        "custom_model_data": 16013
      },
      "model": "pixelui:item/stock_pikachu"
    },
    {
      "predicate": {
        "custom_model_data": 16014
      },
      "model": "pixelui:item/stock_eevee"
    },
    {
      "predicate": {
        "custom_model_data": 16015
      },
      "model": "pixelui:item/stock_ditto"
    }
  ]
}