{
  "parent": "item/generated",
  "textures": {
    "layer0": "item/black_stained_glass_pane"
  },
  "overrides": [
    {
      "predicate": {
        "custom_model_data": 9310
      },
      "model": "item/ui/felt_tile"
    },
    {
      "predicate": {
        "custom_model_data": 9311
      },
      "model": "item/ui/felt_dark"
    },
    {
      "predicate": {
        "custom_model_data": 9500
      },
      "model": "item/ui/auc_hammer"
    },
    {
      "predicate": {
        "custom_model_data": 9501
      },
      "model": "item/ui/auc_clock"
    },
    {
      "predicate": {
        "custom_model_data": 9502
      },
      "model": "item/ui/auc_coin"
    },
    {
      "predicate": {
        "custom_model_data": 9503
      },
      "model": "item/ui/auc_box"
    },
    {
      "predicate": {
        "custom_model_data": 9504
      },
      "model": "item/ui/auc_star"
    }
  ]
}