{
  "parent": "item/generated",
  "textures": {
    "layer0": "item/brown_stained_glass_pane"
  },
  "overrides": [
    {
      "predicate": {
        "custom_model_data": 9300
      },
      "model": "item/ui/frame_center"
    },
    {
      "predicate": {
        "custom_model_data": 9301
      },
      "model": "item/ui/frame_edge_h"
    },
    {
      "predicate": {
        "custom_model_data": 9302
      },
      "model": "item/ui/frame_edge_v"
    },
    {
      "predicate": {
        "custom_model_data": 9303
      },
      "model": "item/ui/corner_tl"
    },
    {
      "predicate": {
        "custom_model_data": 9304
      },
      "model": "item/ui/corner_tr"
    },
    {
      "predicate": {
        "custom_model_data": 9305
      },
      "model": "item/ui/corner_bl"
    },
    {
      "predicate": {
        "custom_model_data": 9306
      },
      "model": "item/ui/corner_br"
    }
  ]
}