{
  "parent": "item/generated",
  "textures": {
    "layer0": "item/light_blue_stained_glass_pane"
  },
  "overrides": [
    {
      "predicate": {
        "custom_model_data": 9400
      },
      "model": "item/ui/shop_home"
    },
    {
      "predicate": {
        "custom_model_data": 9401
      },
      "model": "item/ui/shop_sword"
    },
    {
      "predicate": {
        "custom_model_data": 9402
      },
      "model": "item/ui/shop_block"
    },
    {
      "predicate": {
        "custom_model_data": 9403
      },
      "model": "item/ui/shop_food"
    },
    {
      "predicate": {
        "custom_model_data": 9404
      },
      "model": "item/ui/shop_potion"
    },
    {
      "predicate": {
        "custom_model_data": 9405
      },
      "model": "item/ui/shop_cart"
    }
  ]
}