{
  "parent": "item/generated",
  "textures": {
    "layer0": "item/light_gray_stained_glass_pane"
  },
  "overrides": [
    {
      "predicate": {
        "custom_model_data": 9600
      },
      "model": "item/ui/stock_logo"
    },
    {
      "predicate": {
        "custom_model_data": 9601
      },
      "model": "item/ui/stock_chart"
    },
    {
      "predicate": {
        "custom_model_data": 9602
      },
      "model": "item/ui/stock_up"
    },
    {
      "predicate": {
        "custom_model_data": 9603
      },
      "model": "item/ui/stock_down"
    },
    {
      "predicate": {
        "custom_model_data": 9604
      },
      "model": "item/ui/stock_play"
    },
    {
      "predicate": {
        "custom_model_data": 9605
      },
      "model": "item/ui/stock_pause"
    }
  ]
}