{
  "parent": "item/generated",
  "textures": {
    "layer0": "item/gray_stained_glass_pane"
  },
  "overrides": [
    {
      "predicate": {
        "custom_model_data": 12101
      },
      "model": "pixelui:item/frame_shop"
    },
    {
      "predicate": {
        "custom_model_data": 12102
      },
      "model": "pixelui:item/frame_auction"
    },
    {
      "predicate": {
        "custom_model_data": 12103
      },
      "model": "pixelui:item/frame_slot"
    },
    {
      "predicate": {
        "custom_model_data": 12104
      },
      "model": "pixelui:item/frame_updown"
    },
    {
      "predicate": {
        "custom_model_data": 12105
      },
      "model": "pixelui:item/frame_stock"
    }
  ]
}