{"parent": "item/generated", "textures": {"layer0": "item/paper"}, "overrides": [{"predicate": {"custom_model_data": 9000}, "model": "item/ui/num_0"}, {"predicate": {"custom_model_data": 9001}, "model": "item/ui/num_1"}, {"predicate": {"custom_model_data": 9002}, "model": "item/ui/num_2"}, {"predicate": {"custom_model_data": 9003}, "model": "item/ui/num_3"}, {"predicate": {"custom_model_data": 9004}, "model": "item/ui/num_4"}, {"predicate": {"custom_model_data": 9005}, "model": "item/ui/num_5"}, {"predicate": {"custom_model_data": 9006}, "model": "item/ui/num_6"}, {"predicate": {"custom_model_data": 9007}, "model": "item/ui/num_7"}, {"predicate": {"custom_model_data": 9008}, "model": "item/ui/num_8"}, {"predicate": {"custom_model_data": 9009}, "model": "item/ui/num_9"}, {"predicate": {"custom_model_data": 9100}, "model": "item/ui/arrow_up"}, {"predicate": {"custom_model_data": 9101}, "model": "item/ui/arrow_down"}, {"predicate": {"custom_model_data": 9110}, "model": "item/ui/counter"}]}