{
  "parent": "item/generated",
  "textures": {
    "layer0": "item/paper"
  },
  "overrides": [
    {
      "predicate": {
        "custom_model_data": 13101
      },
      "model": "minecraft:item/ui/slot_pokeball"
    },
    {
      "predicate": {
        "custom_model_data": 13102
      },
      "model": "minecraft:item/ui/slot_emerald"
    },
    {
      "predicate": {
        "custom_model_data": 13103
      },
      "model": "minecraft:item/ui/slot_sapphire"
    },
    {
      "predicate": {
        "custom_model_data": 13104
      },
      "model": "minecraft:item/ui/slot_ruby"
    },
    {
      "predicate": {
        "custom_model_data": 13105
      },
      "model": "minecraft:item/ui/slot_diamond"
    },
    {
      "predicate": {
        "custom_model_data": 13106
      },
      "model": "minecraft:item/ui/slot_seven"
    },
    {
      "predicate": {
        "custom_model_data": 13200
      },
      "model": "minecraft:item/ui/ud_digit_0"
    },
    {
      "predicate": {
        "custom_model_data": 13201
      },
      "model": "minecraft:item/ui/ud_digit_1"
    },
    {
      "predicate": {
        "custom_model_data": 13202
      },
      "model": "minecraft:item/ui/ud_digit_2"
    },
    {
      "predicate": {
        "custom_model_data": 13203
      },
      "model": "minecraft:item/ui/ud_digit_3"
    },
    {
      "predicate": {
        "custom_model_data": 13204
      },
      "model": "minecraft:item/ui/ud_digit_4"
    },
    {
      "predicate": {
        "custom_model_data": 13205
      },
      "model": "minecraft:item/ui/ud_digit_5"
    },
    {
      "predicate": {
        "custom_model_data": 13206
      },
      "model": "minecraft:item/ui/ud_digit_6"
    },
    {
      "predicate": {
        "custom_model_data": 13207
      },
      "model": "minecraft:item/ui/ud_digit_7"
    },
    {
      "predicate": {
        "custom_model_data": 13208
      },
      "model": "minecraft:item/ui/ud_digit_8"
    },
    {
      "predicate": {
        "custom_model_data": 13209
      },
      "model": "minecraft:item/ui/ud_digit_9"
    },
    {
      "predicate": {
        "custom_model_data": 13300
      },
      "model": "minecraft:item/ui/ud_btn_up"
    },
    {
      "predicate": {
        "custom_model_data": 13301
      },
      "model": "minecraft:item/ui/ud_btn_down"
    }
  ]
}