{
  "parent": "item/generated",
  "textures": {
    "layer0": "item/paper"
  },
  "overrides": [
    {
      "predicate": {
        "custom_model_data": 12101
      },
      "model": "minecraft:item/ui/frame_casino_tl"
    },
    {
      "predicate": {
        "custom_model_data": 12102
      },
      "model": "minecraft:item/ui/frame_casino_t"
    },
    {
      "predicate": {
        "custom_model_data": 12103
      },
      "model": "minecraft:item/ui/frame_casino_tr"
    },
    {
      "predicate": {
        "custom_model_data": 12104
      },
      "model": "minecraft:item/ui/frame_casino_l"
    },
    {
      "predicate": {
        "custom_model_data": 12105
      },
      "model": "minecraft:item/ui/frame_casino_r"
    },
    {
      "predicate": {
        "custom_model_data": 12106
      },
      "model": "minecraft:item/ui/frame_casino_bl"
    },
    {
      "predicate": {
        "custom_model_data": 12107
      },
      "model": "minecraft:item/ui/frame_casino_b"
    },
    {
      "predicate": {
        "custom_model_data": 12108
      },
      "model": "minecraft:item/ui/frame_casino_br"
    },
    {
      "predicate": {
        "custom_model_data": 12201
      },
      "model": "minecraft:item/ui/frame_auction_tl"
    },
    {
      "predicate": {
        "custom_model_data": 12202
      },
      "model": "minecraft:item/ui/frame_auction_t"
    },
    {
      "predicate": {
        "custom_model_data": 12203
      },
      "model": "minecraft:item/ui/frame_auction_tr"
    },
    {
      "predicate": {
        "custom_model_data": 12204
      },
      "model": "minecraft:item/ui/frame_auction_l"
    },
    {
      "predicate": {
        "custom_model_data": 12205
      },
      "model": "minecraft:item/ui/frame_auction_r"
    },
    {
      "predicate": {
        "custom_model_data": 12206
      },
      "model": "minecraft:item/ui/frame_auction_bl"
    },
    {
      "predicate": {
        "custom_model_data": 12207
      },
      "model": "minecraft:item/ui/frame_auction_b"
    },
    {
      "predicate": {
        "custom_model_data": 12208
      },
      "model": "minecraft:item/ui/frame_auction_br"
    },
    {
      "predicate": {
        "custom_model_data": 12301
      },
      "model": "minecraft:item/ui/frame_shop_tl"
    },
    {
      "predicate": {
        "custom_model_data": 12302
      },
      "model": "minecraft:item/ui/frame_shop_t"
    },
    {
      "predicate": {
        "custom_model_data": 12303
      },
      "model": "minecraft:item/ui/frame_shop_tr"
    },
    {
      "predicate": {
        "custom_model_data": 12304
      },
      "model": "minecraft:item/ui/frame_shop_l"
    },
    {
      "predicate": {
        "custom_model_data": 12305
      },
      "model": "minecraft:item/ui/frame_shop_r"
    },
    {
      "predicate": {
        "custom_model_data": 12306
      },
      "model": "minecraft:item/ui/frame_shop_bl"
    },
    {
      "predicate": {
        "custom_model_data": 12307
      },
      "model": "minecraft:item/ui/frame_shop_b"
    },
    {
      "predicate": {
        "custom_model_data": 12308
      },
      "model": "minecraft:item/ui/frame_shop_br"
    },
    {
      "predicate": {
        "custom_model_data": 12401
      },
      "model": "minecraft:item/ui/frame_stock_tl"
    },
    {
      "predicate": {
        "custom_model_data": 12402
      },
      "model": "minecraft:item/ui/frame_stock_t"
    },
    {
      "predicate": {
        "custom_model_data": 12403
      },
      "model": "minecraft:item/ui/frame_stock_tr"
    },
    {
      "predicate": {
        "custom_model_data": 12404
      },
      "model": "minecraft:item/ui/frame_stock_l"
    },
    {
      "predicate": {
        "custom_model_data": 12405
      },
      "model": "minecraft:item/ui/frame_stock_r"
    },
    {
      "predicate": {
        "custom_model_data": 12406
      },
      "model": "minecraft:item/ui/frame_stock_bl"
    },
    {
      "predicate": {
        "custom_model_data": 12407
      },
      "model": "minecraft:item/ui/frame_stock_b"
    },
    {
      "predicate": {
        "custom_model_data": 12408
      },
      "model": "minecraft:item/ui/frame_stock_br"
    },
    {
      "predicate": {
        "custom_model_data": 11001
      },
      "model": "minecraft:item/ui/slot_pokeball"
    },
    {
      "predicate": {
        "custom_model_data": 11002
      },
      "model": "minecraft:item/ui/slot_emerald"
    },
    {
      "predicate": {
        "custom_model_data": 11003
      },
      "model": "minecraft:item/ui/slot_sapphire"
    },
    {
      "predicate": {
        "custom_model_data": 11004
      },
      "model": "minecraft:item/ui/slot_ruby"
    },
    {
      "predicate": {
        "custom_model_data": 11005
      },
      "model": "minecraft:item/ui/slot_diamond"
    },
    {
      "predicate": {
        "custom_model_data": 11006
      },
      "model": "minecraft:item/ui/slot_seven"
    }
  ]
}